[
  {
    "quiz": "해리는 볼드 모트 경을 죽이기 위해 사용한 주문은 무엇일까요?",
    "example": ["엑스펠리아르무스", "알로호모라", "아르마딜로스", "오블리비아테"],
    "answer_index": 1
  },

  {
    "quiz": "잠겨 있는 문을 열수있는 주문은 무엇일까요?",
    "example": ["에렉토", "알로호모라", "오블리비아테", "아씨오"],
    "answer_index": 2
  },

  {
    "quiz": "헤르미온느가 부모님의 기억을 지울 때 시용했던 주문은 무엇일까요?",
    "example": ["알로호모라", "제미니오", "아르마딜로스", "오블리비아테"],
    "answer_index": 4
  },

  {
    "quiz": "믈건을 조립할 때 사용하는 주문은 무엇일까요?",
    "example": ["아르마딜로스", "아라니아 엑서메이", "에렉토", "오블리비아테"],
    "answer_index": 3
  },

  {
    "quiz": "물건을 소환하는 주문은 무엇일까요?",
    "example": ["아씨오", "제미니오", "알로호모라", "에렉토"],
    "answer_index": 1
  },

  {
    "quiz": "물건을 복제하는 주문은 무엇일까요?",
    "example": ["아씨오", "제미니오", "알로호모라", "에렉토"],
    "answer_index": 2
  },

  {
    "quiz": "사물이나 사람을 밀칠 때 쓰는 주문은 무엇일까요?",
    "example": ["아라니아 엑서메이", "오블리비아테", "알로호모라", "에렉토"],
    "answer_index": 1
  },

  {
    "quiz": "호그와트 급행열차는 몇 시에 킹스크로스역에서 출발합니까? ",
    "example": ["오후 11시", "오후 12시", "오전 11시", "오전 10시"],
    "answer_index": 3
  },

  {
    "quiz": "아즈카반의 죄수 후반에 등장하는 론의 올빼미의 이름은? ",
    "example": ["헤드위그", "피그위존", "아론", "헤르메스"],
    "answer_index": 2
  },

  {
    "quiz": "해리포터와 비밀의 방에서 해리가 호그와트에 가는 것을 방해한 인물은?",
    "example": ["말포이", "시리우스 경", "볼드모트", "도비"],
    "answer_index": 4
  },

  {
    "quiz": "빗자루를 손으로 가져오려면 무엇을 외쳐야할까?",
    "example": ["이리와!", "위로!", "이쪽으로!", "날아라!"],
    "answer_index": 2
  },

  {
    "quiz": "해리포터 시리즈 연재 기간은?",
    "example": ["1997~2010", "1997~2015", "1996~2016", "1997~2016"],
    "answer_index": 4
  },

  {
    "quiz": " 볼드모트를 연기한 배우의 이름은?",
    "example": ["랄프 파인즈", "케이티 벨", "알버스 덤불도어", "리 조던"],
    "answer_index": 1
  },

  {
    "quiz": "마법사의 돌을 지키던 머리 셋 달린 개의 이름은?",
    "example": ["프롱스", "덤블도그", "패드풋", "플러피"],
    "answer_index": 4
  },

  {
    "quiz": "'해리포터와 불의 잔'에서 트리위저드 대회에 참가할 수 있는 나이는?",
    "example": ["15세 이상", "16세 이상", "17세 이상", "18세 이상"],
    "answer_index": 3
  },

  {
    "quiz": "덤스트랭이 호그와트에 올 때 타고 온 이동수단은?",
    "example": ["택시", "배", "비행기", "지하철"],
    "answer_index": 2
  },

  {
    "quiz": "5학년 때 치루는 중요한 시험의 이름은?",
    "example": ["SSR", "WOD", "ZIX", "OWL"],
    "answer_index": 4
  },

  {
    "quiz": "해리포터와 마법사의 돌의 개봉년도는?",
    "example": ["1997년", "1998년", "2000년", "2001년"],
    "answer_index": 4
  },

  {
    "quiz": "Hufflepuff와 관련된 요소는?",
    "example": ["화재", "지구", "공기", "물"],
    "answer_index": 2
  },
]